NumComponents,SearchSpaceSize,TotalComputeTime,HSIterations,Availability,Cost,Loss,MeanSingleInferenceTime,StdSingleInferenceTime,MeanSingleBuildBNTime,StdSingleBuildBNTime,MeanSingleBuildAppTime,StdSingleBuildAppTime
8,128516357376000,81.49344801902771,1000,0.9256666666666666,5188.13,5188.13,0.31474054943431506,0.018381810684678014,0.016190073706886986,0.0011370459540783245,3.762678666548295e-05,1.2014119365018199e-05
