NumComponents,SearchSpaceSize,TotalComputeTime,HSIterations,Availability,Cost,MeanSingleInferenceTime,StdSingleInferenceTime,MeanSingleBuildBNTime,StdSingleBuildBNTime,MeanSingleBuildAppTime,StdSingleBuildAppTime
8,2702554398720000,11.404205083847046,100000,0.926,30702.07,0.33522031307220457,0.022807119419166914,0.01663253307342529,0.0012507217438810572,6.461143493652344e-05,5.8831251844986224e-05
