NumComponents,SearchSpaceSize,TotalComputeTime,HSIterations,Availability,Cost,Loss,MeanSingleInferenceTime,StdSingleInferenceTime,MeanSingleBuildBNTime,StdSingleBuildBNTime,MeanSingleBuildAppTime,StdSingleBuildAppTime
5,20037600,13.23297905921936,100,0.9219333333333334,2947.74,2947.74,0.23378790508617053,0.016835770429388858,0.010210384022105824,0.0004757970537947123,2.85018574107777e-05,1.0957526821489484e-05
