NumComponents,SearchSpaceSize,TotalComputeTime,HSIterations,Availability,Cost,Loss,MeanSingleInferenceTime,StdSingleInferenceTime,MeanSingleBuildBNTime,StdSingleBuildBNTime,MeanSingleBuildAppTime,StdSingleBuildAppTime
4,17625600,537.4479458332062,10000,0.9286666666666666,1828.6799999999998,1828.6799999999998,0.2108422192660245,0.015386458542048455,0.008347728035666725,0.0004262269602713981,2.5380741466175426e-05,1.2013923851668684e-05
