n,time_nv,time_sc,time_prism
3,0.0019936561584472656,0.001994609832763672,0.0019943714141845703
